Mr,ug,gr,ri,iz,gi
8.5,-0.7333333333333336,-0.6677777777777769,-0.5766666666666671,-0.5566666666666671,-1.2622222222222232
8.52,-0.7288888888888893,-0.6655555555555548,-0.574444444444445,-0.554444444444445,-1.257777777777779
8.54,-0.7244444444444449,-0.6633333333333327,-0.5722222222222229,-0.5522222222222228,-1.2533333333333347
8.559999999999999,-0.7200000000000005,-0.6611111111111105,-0.5700000000000006,-0.5500000000000006,-1.2488888888888905
8.579999999999998,-0.7155555555555562,-0.6588888888888883,-0.5677777777777784,-0.5477777777777784,-1.244444444444446
8.599999999999998,-0.7111111111111118,-0.6566666666666662,-0.5655555555555563,-0.5455555555555562,-1.2400000000000015
8.619999999999997,-0.7066666666666674,-0.6544444444444439,-0.5633333333333341,-0.5433333333333341,-1.2355555555555573
8.639999999999997,-0.7022222222222232,-0.6522222222222218,-0.5611111111111119,-0.5411111111111119,-1.2311111111111128
8.659999999999997,-0.6977777777777787,-0.6499999999999997,-0.5588888888888897,-0.5388888888888896,-1.2266666666666686
8.679999999999996,-0.6933333333333345,-0.6477777777777775,-0.5566666666666675,-0.5366666666666675,-1.222222222222224
8.699999999999996,-0.68888888888889,-0.6455555555555553,-0.5544444444444454,-0.5344444444444454,-1.2177777777777798
8.719999999999995,-0.6844444444444457,-0.6433333333333331,-0.5522222222222232,-0.5322222222222232,-1.2133333333333354
8.739999999999995,-0.6800000000000013,-0.641111111111111,-0.5500000000000009,-0.5300000000000009,-1.2088888888888911
8.759999999999994,-0.675555555555557,-0.6388888888888888,-0.5477777777777788,-0.5277777777777788,-1.2044444444444466
8.779999999999994,-0.6711111111111127,-0.6366666666666667,-0.5455555555555567,-0.5255555555555567,-1.2000000000000024
8.799999999999994,-0.6666666666666683,-0.6344444444444445,-0.5433333333333344,-0.5233333333333344,-1.195555555555558
8.819999999999993,-0.6622222222222239,-0.6322222222222222,-0.5411111111111122,-0.5211111111111122,-1.1911111111111137
8.839999999999993,-0.6577777777777796,-0.6300000000000001,-0.5388888888888901,-0.5188888888888901,-1.1866666666666692
8.859999999999992,-0.6533333333333352,-0.627777777777778,-0.536666666666668,-0.5166666666666679,-1.182222222222225
8.879999999999992,-0.6488888888888908,-0.6255555555555559,-0.5344444444444457,-0.5144444444444457,-1.1777777777777805
8.899999999999991,-0.6444444444444465,-0.6233333333333336,-0.5322222222222235,-0.5122222222222235,-1.1733333333333362
8.919999999999991,-0.6400000000000021,-0.6211111111111115,-0.5300000000000014,-0.5100000000000013,-1.1688888888888918
8.93999999999999,-0.6355555555555579,-0.6188888888888893,-0.5277777777777792,-0.5077777777777792,-1.1644444444444475
8.95999999999999,-0.6311111111111134,-0.6166666666666671,-0.525555555555557,-0.505555555555557,-1.1600000000000033
8.97999999999999,-0.6266666666666691,-0.614444444444445,-0.5233333333333349,-0.5033333333333349,-1.1555555555555588
8.99999999999999,-0.6222222222222247,-0.6122222222222228,-0.5211111111111126,-0.5011111111111126,-1.1511111111111143
9.019999999999989,-0.6177777777777804,-0.6100000000000007,-0.5188888888888905,-0.4988888888888905,-1.14666666666667
9.039999999999988,-0.613333333333336,-0.6077777777777784,-0.5166666666666683,-0.49666666666666826,-1.1422222222222258
9.059999999999988,-0.6088888888888917,-0.6055555555555563,-0.5144444444444461,-0.49444444444444613,-1.1377777777777813
9.079999999999988,-0.6044444444444473,-0.6033333333333342,-0.5122222222222239,-0.4922222222222239,-1.1333333333333369
9.099999999999987,-0.600000000000003,-0.6011111111111119,-0.5100000000000018,-0.49000000000000177,-1.1288888888888926
9.119999999999987,-0.5955555555555586,-0.5988888888888898,-0.5077777777777795,-0.48777777777777953,-1.1244444444444484
9.139999999999986,-0.5911111111111143,-0.5966666666666676,-0.5055555555555574,-0.4855555555555574,-1.1200000000000039
9.159999999999986,-0.5866666666666699,-0.5944444444444454,-0.5033333333333352,-0.48333333333333517,-1.1155555555555594
9.179999999999986,-0.5822222222222255,-0.5922222222222233,-0.5011111111111131,-0.48111111111111304,-1.1111111111111152
9.199999999999985,-0.5777777777777813,-0.5900000000000011,-0.4988888888888908,-0.4788888888888908,-1.106666666666671
9.219999999999985,-0.5733333333333368,-0.587777777777779,-0.4966666666666687,-0.4766666666666687,-1.1022222222222264
9.239999999999984,-0.5688888888888926,-0.5855555555555567,-0.49444444444444646,-0.47444444444444644,-1.097777777777782
9.259999999999984,-0.5644444444444481,-0.5833333333333346,-0.49222222222222434,-0.4722222222222243,-1.0933333333333377
9.279999999999983,-0.5600000000000038,-0.5811111111111125,-0.4900000000000021,-0.4700000000000021,-1.0888888888888935
9.299999999999983,-0.5555555555555594,-0.5788888888888903,-0.48777777777778,-0.46777777777777996,-1.084444444444449
9.319999999999983,-0.5511111111111151,-0.5766666666666681,-0.48555555555555774,-0.4655555555555577,-1.0800000000000045
9.339999999999982,-0.5466666666666706,-0.574444444444446,-0.4833333333333356,-0.4633333333333356,-1.0755555555555603
9.359999999999982,-0.5422222222222264,-0.5722222222222237,-0.4811111111111134,-0.46111111111111336,-1.071111111111116
9.379999999999981,-0.537777777777782,-0.5700000000000016,-0.47888888888889125,-0.45888888888889123,-1.0666666666666715
9.39999999999998,-0.5333333333333377,-0.5677777777777795,-0.476666666666669,-0.456666666666669,-1.062222222222227
9.41999999999998,-0.5288888888888933,-0.5655555555555573,-0.4744444444444469,-0.45444444444444687,-1.0577777777777828
9.43999999999998,-0.5244444444444489,-0.5633333333333351,-0.47222222222222465,-0.45222222222222463,-1.0533333333333386
9.45999999999998,-0.5200000000000046,-0.5611111111111129,-0.4700000000000025,-0.4500000000000025,-1.048888888888894
9.479999999999979,-0.5155555555555602,-0.5588888888888908,-0.4677777777777803,-0.4477777777777803,-1.0444444444444496
9.499999999999979,-0.511111111111116,-0.5566666666666686,-0.46555555555555816,-0.44555555555555815,-1.0400000000000054
9.519999999999978,-0.5066666666666715,-0.5544444444444464,-0.46333333333333593,-0.4433333333333359,-1.0355555555555611
9.539999999999978,-0.5022222222222272,-0.5522222222222243,-0.4611111111111138,-0.4411111111111138,-1.0311111111111166
9.559999999999977,-0.4977777777777828,-0.550000000000002,-0.45888888888889157,-0.43888888888889155,-1.0266666666666722
9.579999999999977,-0.49333333333333845,-0.5477777777777799,-0.45666666666666944,-0.4366666666666694,-1.022222222222228
9.599999999999977,-0.4888888888888941,-0.5455555555555578,-0.45444444444444726,-0.43444444444444724,-1.0177777777777837
9.619999999999976,-0.4844444444444498,-0.5433333333333356,-0.4522222222222251,-0.43222222222222506,-1.0133333333333392
9.639999999999976,-0.4800000000000054,-0.5411111111111134,-0.4500000000000029,-0.4300000000000029,-1.0088888888888947
9.659999999999975,-0.47555555555556106,-0.5388888888888912,-0.4477777777777807,-0.4277777777777807,-1.0044444444444505
9.679999999999975,-0.4711111111111167,-0.5366666666666691,-0.44555555555555854,-0.4255555555555585,-1.0000000000000062
9.699999999999974,-0.46666666666667234,-0.5344444444444469,-0.44333333333333635,-0.42333333333333634,-0.9955555555555617
9.719999999999974,-0.462222222222228,-0.5322222222222247,-0.4411111111111142,-0.42111111111111416,-0.9911111111111175
9.739999999999974,-0.4577777777777836,-0.5300000000000026,-0.438888888888892,-0.418888888888892,-0.986666666666673
9.759999999999973,-0.45333333333333925,-0.5277777777777805,-0.4366666666666698,-0.4166666666666698,-0.9822222222222287
9.779999999999973,-0.4488888888888949,-0.5255555555555582,-0.43444444444444763,-0.4144444444444476,-0.9777777777777843
9.799999999999972,-0.4444444444444505,-0.5233333333333361,-0.43222222222222545,-0.41222222222222543,-0.9733333333333399
9.819999999999972,-0.44000000000000616,-0.521111111111114,-0.43000000000000327,-0.41000000000000325,-0.9688888888888956
9.839999999999971,-0.43555555555556186,-0.5188888888888917,-0.4277777777777811,-0.40777777777778107,-0.9644444444444513
9.859999999999971,-0.4311111111111175,-0.5166666666666696,-0.4255555555555589,-0.4055555555555589,-0.9600000000000068
9.87999999999997,-0.42666666666667313,-0.5144444444444474,-0.4233333333333367,-0.4033333333333367,-0.9555555555555626
9.89999999999997,-0.4222222222222288,-0.5122222222222252,-0.42111111111111454,-0.4011111111111145,-0.9511111111111181
9.91999999999997,-0.41777777777778446,-0.5100000000000031,-0.41888888888889236,-0.39888888888889235,-0.9466666666666739
9.93999999999997,-0.4133333333333401,-0.5077777777777809,-0.4166666666666702,-0.39666666666667016,-0.9422222222222294
9.959999999999969,-0.40888888888889574,-0.5055555555555588,-0.414444444444448,-0.394444444444448,-0.9377777777777851
9.979999999999968,-0.4044444444444514,-0.5033333333333365,-0.4122222222222258,-0.3922222222222258,-0.9333333333333407
9.999999999999968,-0.400000000000007,-0.5011111111111144,-0.41000000000000364,-0.3900000000000036,-0.9288888888888964
10.019999999999968,-0.39555555555556265,-0.4988888888888922,-0.40777777777778146,-0.38777777777778144,-0.924444444444452
10.039999999999967,-0.3911111111111183,-0.49666666666667003,-0.4055555555555593,-0.38555555555555926,-0.9200000000000077
10.059999999999967,-0.38666666666667393,-0.4944444444444479,-0.4033333333333371,-0.3833333333333371,-0.9155555555555632
10.079999999999966,-0.38222222222222957,-0.4922222222222257,-0.4011111111111149,-0.3811111111111149,-0.911111111111119
10.099999999999966,-0.3777777777777852,-0.49000000000000354,-0.39888888888889273,-0.3788888888888927,-0.9066666666666745
10.119999999999965,-0.3733333333333409,-0.4877777777777814,-0.39666666666667055,-0.37666666666667054,-0.9022222222222303
10.139999999999965,-0.36888888888889654,-0.4855555555555592,-0.39444444444444837,-0.37444444444444835,-0.8977777777777858
10.159999999999965,-0.3644444444444522,-0.48333333333333706,-0.3922222222222262,-0.3722222222222262,-0.8933333333333415
10.179999999999964,-0.3600000000000078,-0.4811111111111149,-0.390000000000004,-0.370000000000004,-0.888888888888897
10.199999999999964,-0.35555555555556345,-0.4788888888888927,-0.38777777777778183,-0.3677777777777818,-0.8844444444444528
10.219999999999963,-0.35111111111111915,-0.47666666666667057,-0.38555555555555965,-0.36555555555555963,-0.8800000000000084
10.239999999999963,-0.3466666666666748,-0.4744444444444484,-0.38333333333333747,-0.36333333333333745,-0.8755555555555641
10.259999999999962,-0.3422222222222304,-0.4722222222222262,-0.3811111111111153,-0.36111111111111527,-0.8711111111111197
10.279999999999962,-0.33777777777778606,-0.470000000000004,-0.3788888888888931,-0.3588888888888931,-0.8666666666666754
10.299999999999962,-0.3333333333333417,-0.46777777777778184,-0.3766666666666709,-0.3566666666666709,-0.862222222222231
10.319999999999961,-0.32888888888889733,-0.4655555555555597,-0.37444444444444874,-0.3544444444444487,-0.8577777777777866
10.33999999999996,-0.324444444444453,-0.46333333333333754,-0.37222222222222656,-0.35222222222222654,-0.8533333333333423
10.35999999999996,-0.3200000000000086,-0.46111111111111536,-0.3700000000000044,-0.35000000000000436,-0.8488888888888979
10.37999999999996,-0.31555555555556425,-0.4588888888888932,-0.3677777777777822,-0.3477777777777822,-0.8444444444444535
10.39999999999996,-0.31111111111111994,-0.45666666666667105,-0.36555555555556,-0.34555555555556,-0.8400000000000092
10.419999999999959,-0.3066666666666756,-0.45444444444444887,-0.36333333333333784,-0.3433333333333378,-0.8355555555555648
10.439999999999959,-0.3022222222222312,-0.4522222222222267,-0.36111111111111566,-0.34111111111111564,-0.8311111111111205
10.459999999999958,-0.29777777777778686,-0.4500000000000045,-0.3588888888888935,-0.33888888888889346,-0.8266666666666761
10.479999999999958,-0.2933333333333425,-0.4477777777777824,-0.3566666666666713,-0.3366666666666713,-0.8222222222222317
10.499999999999957,-0.28888888888889813,-0.4455555555555602,-0.3544444444444491,-0.3344444444444491,-0.8177777777777874
10.519999999999957,-0.2844444444444538,-0.443333333333338,-0.35222222222222693,-0.3322222222222269,-0.813333333333343
10.539999999999957,-0.28000000000000946,-0.44111111111111584,-0.35000000000000475,-0.33000000000000473,-0.8088888888888986
10.559999999999956,-0.2755555555555651,-0.43888888888889366,-0.34777777777778257,-0.32777777777778255,-0.8044444444444543
10.579999999999956,-0.27111111111112074,-0.43666666666667153,-0.3455555555555604,-0.32555555555556037,-0.8000000000000099
10.599999999999955,-0.2666666666666764,-0.43444444444444935,-0.3433333333333382,-0.3233333333333382,-0.7955555555555656
10.619999999999955,-0.262222222222232,-0.43222222222222717,-0.341111111111116,-0.321111111111116,-0.7911111111111212
10.639999999999954,-0.25777777777778765,-0.430000000000005,-0.33888888888889385,-0.31888888888889383,-0.7866666666666768
10.659999999999954,-0.2533333333333433,-0.42777777777778286,-0.33666666666667167,-0.31666666666667165,-0.7822222222222325
10.679999999999954,-0.24888888888889896,-0.4255555555555607,-0.3344444444444495,-0.31444444444444947,-0.7777777777777881
10.699999999999953,-0.24444444444445462,-0.4233333333333385,-0.3322222222222273,-0.3122222222222273,-0.7733333333333438
10.719999999999953,-0.24000000000001026,-0.4211111111111163,-0.3300000000000051,-0.3100000000000051,-0.7688888888888994
10.739999999999952,-0.2355555555555659,-0.4188888888888942,-0.32777777777778294,-0.3077777777777829,-0.764444444444455
10.759999999999952,-0.23111111111112154,-0.416666666666672,-0.32555555555556076,-0.30555555555556074,-0.7600000000000107
10.779999999999951,-0.2266666666666772,-0.41444444444444983,-0.3233333333333386,-0.30333333333333856,-0.7555555555555663
10.799999999999951,-0.22222222222223284,-0.41222222222222765,-0.32111111111111645,-0.30111111111111644,-0.7511111111111219
10.81999999999995,-0.21750000000001204,-0.4100000000000055,-0.31875000000000603,-0.3,-0.7466666666666776
10.83999999999995,-0.21250000000001215,-0.40777777777778335,-0.3162500000000061,-0.3,-0.7422222222222332
10.85999999999995,-0.20750000000001229,-0.40555555555556116,-0.31375000000000614,-0.3,-0.7377777777777889
10.87999999999995,-0.2025000000000124,-0.403333333333339,-0.3112500000000062,-0.3,-0.7333333333333445
10.899999999999949,-0.2,-0.40111111111111686,-0.31,-0.3,-0.7288888888889001
10.919999999999948,-0.2,-0.39750000000001295,-0.31,-0.3,-0.7244444444444558
10.939999999999948,-0.2,-0.39250000000001306,-0.31,-0.3,-0.7200000000000114
10.959999999999948,-0.19666666666667532,-0.38750000000001317,-0.3083333333333376,-0.2983333333333376,-0.7125000000000195
10.979999999999947,-0.19333333333334202,-0.3825000000000133,-0.30666666666667103,-0.296666666666671,-0.7050000000000196
10.999999999999947,-0.19000000000000875,-0.3780000000000107,-0.3050000000000044,-0.29500000000000437,-0.6975000000000198
11.019999999999946,-0.18666666666667545,-0.3740000000000109,-0.30333333333333773,-0.2933333333333377,-0.6900000000000199
11.039999999999946,-0.18333333333334217,-0.370000000000011,-0.3016666666666711,-0.29166666666667107,-0.6860000000000107
11.059999999999945,-0.18000000000000888,-0.3666666666666759,-0.30000000000000443,-0.2900000000000044,-0.6820000000000109
11.079999999999945,-0.17789473684211093,-0.3633333333333426,-0.29789473684211093,-0.28894736842105545,-0.6775000000000138
11.099999999999945,-0.17578947368421624,-0.3600000000000093,-0.29578947368421626,-0.2878947368421081,-0.6725000000000139
11.119999999999944,-0.17368421052632158,-0.356666666666676,-0.2936842105263216,-0.2868421052631608,-0.6675000000000139
11.139999999999944,-0.17157894736842688,-0.3533333333333427,-0.2915789473684269,-0.2857894736842134,-0.662500000000014
11.159999999999943,-0.16947368421053222,-0.35000000000000947,-0.2894736842105322,-0.2847368421052661,-0.657500000000014
11.179999999999943,-0.16736842105263755,-0.3478947368421113,-0.28736842105263755,-0.28368421052631876,-0.6525000000000141
11.199999999999942,-0.16526315789474286,-0.34578947368421664,-0.2852631578947429,-0.28263157894737145,-0.6478947368421172
11.219999999999942,-0.1631578947368482,-0.3436842105263219,-0.2831578947368482,-0.2815789473684241,-0.6436842105263278
11.239999999999942,-0.1610526315789535,-0.34157894736842725,-0.28105263157895355,-0.2805263157894768,-0.6394736842105385
11.259999999999941,-0.15909090909091445,-0.3394736842105326,-0.28,-0.28,-0.6352631578947492
11.27999999999994,-0.15727272727273264,-0.3373684210526379,-0.28,-0.28,-0.6310526315789599
11.29999999999994,-0.15545454545455087,-0.33526315789474326,-0.28,-0.28,-0.6268421052631705
11.31999999999994,-0.15363636363636907,-0.3331578947368486,-0.28,-0.28,-0.6226315789473812
11.33999999999994,-0.15181818181818726,-0.3310526315789539,-0.28,-0.28,-0.6184210526315919
11.359999999999939,-0.1500000000000055,-0.3281818181818295,-0.28,-0.28,-0.6142105263158025
11.379999999999939,-0.14777777777778453,-0.32454545454546596,-0.27777777777778456,-0.27851851851852305,-0.6100000000000132
11.399999999999938,-0.14555555555556235,-0.32090909090910236,-0.2755555555555624,-0.2770370370370416,-0.6063636363636479
11.419999999999938,-0.14333333333334017,-0.3172727272727388,-0.2733333333333402,-0.27555555555556016,-0.6027272727272842
11.439999999999937,-0.141111111111118,-0.3136363636363752,-0.271111111111118,-0.2740740740740787,-0.5990909090909207
11.459999999999937,-0.1388888888888958,-0.3100000000000116,-0.26888888888889584,-0.2725925925925972,-0.5954545454545571
11.479999999999936,-0.13666666666667363,-0.3077777777777849,-0.26666666666667366,-0.2711111111111158,-0.5918181818181935
11.499999999999936,-0.13444444444445144,-0.30555555555556274,-0.2644444444444515,-0.2696296296296343,-0.5877777777777922
11.519999999999936,-0.1322222222222293,-0.30333333333334056,-0.2622222222222293,-0.26814814814815285,-0.5833333333333478
11.539999999999935,-0.1300000000000071,-0.3011111111111184,-0.2600000000000071,-0.26666666666667144,-0.5788888888889034
11.559999999999935,-0.12777777777778493,-0.2988888888888962,-0.25777777777778493,-0.26518518518518996,-0.5744444444444591
11.579999999999934,-0.12555555555556275,-0.2966666666666741,-0.25555555555556275,-0.2637037037037085,-0.5700000000000147
11.599999999999934,-0.12333333333334057,-0.2944444444444519,-0.25333333333334057,-0.2622222222222271,-0.5655555555555704
11.619999999999933,-0.12111111111111839,-0.2922222222222297,-0.2511111111111184,-0.2607407407407456,-0.561111111111126
11.639999999999933,-0.11866666666667545,-0.29000000000000753,-0.24933333333333774,-0.25933333333333775,-0.5566666666666816
11.659999999999933,-0.11600000000000886,-0.28777777777778535,-0.24800000000000444,-0.25800000000000445,-0.5522222222222373
11.679999999999932,-0.11333333333334225,-0.28555555555556317,-0.2466666666666711,-0.25666666666667115,-0.5477777777777929
11.699999999999932,-0.11066666666667566,-0.283333333333341,-0.24533333333333782,-0.25533333333333785,-0.5433333333333485
11.719999999999931,-0.10800000000000905,-0.2811111111111188,-0.24400000000000452,-0.25400000000000456,-0.5388888888889042
11.739999999999931,-0.10533333333334245,-0.2780000000000139,-0.24266666666667122,-0.2526666666666712,-0.5344444444444598
11.75999999999993,-0.10266666666667584,-0.274000000000014,-0.24133333333333792,-0.2513333333333379,-0.5300000000000155
11.77999999999993,-0.10000000000000925,-0.2700000000000141,-0.2400000000000046,-0.2500000000000046,-0.5246666666666853
11.79999999999993,-0.09466666666668527,-0.2660000000000142,-0.23733333333334264,-0.2486666666666713,-0.5193333333333521
11.81999999999993,-0.08933333333335206,-0.2620000000000143,-0.23466666666667602,-0.247333333333338,-0.5140000000000189
11.839999999999929,-0.08400000000001885,-0.2580000000000144,-0.23200000000000942,-0.24600000000000471,-0.5086666666666857
11.859999999999928,-0.07866666666668565,-0.2540000000000145,-0.22933333333334283,-0.24466666666667142,-0.5033333333333524
11.879999999999928,-0.07333333333335243,-0.25000000000001454,-0.22666666666667623,-0.2433333333333381,-0.4980000000000192
11.899999999999928,-0.06800000000001923,-0.24600000000001465,-0.2240000000000096,-0.2420000000000048,-0.492666666666686
11.919999999999927,-0.06266666666668602,-0.24200000000001476,-0.221333333333343,-0.2406666666666715,-0.486666666666691
11.939999999999927,-0.057222222222242505,-0.23800000000001484,-0.21888888888889702,-0.238888888888897,-0.4800000000000245
11.959999999999926,-0.05166666666668706,-0.23400000000001495,-0.21666666666667483,-0.23666666666667482,-0.473333333333358
11.979999999999926,-0.046111111111131614,-0.23000000000001503,-0.21444444444445265,-0.23444444444445264,-0.4666666666666915
11.999999999999925,-0.040555555555576175,-0.22600000000001513,-0.21222222222223047,-0.23222222222223046,-0.460000000000025
12.019999999999925,-0.03500000000002072,-0.22200000000001524,-0.2100000000000083,-0.23000000000000828,-0.45333333333335846
12.039999999999925,-0.02944444444446528,-0.2177777777777948,-0.2077777777777861,-0.2277777777777861,-0.44666666666669197
12.059999999999924,-0.02388888888890983,-0.21333333333335044,-0.20555555555556393,-0.22555555555556392,-0.4400000000000255
12.079999999999924,-0.018333333333354393,-0.20888888888890608,-0.20333333333334178,-0.22333333333334177,-0.43333333333335894
12.099999999999923,-0.012777777777798947,-0.20444444444446172,-0.2011111111111196,-0.22111111111111958,-0.4266666666666924
12.119999999999923,-0.006315789473712421,-0.20000000000001736,-0.19842105263159104,-0.21947368421053035,-0.42000000000002585
12.139999999999922,0.0010526315789190187,-0.195555555555573,-0.195263157894749,-0.21842105263158298,-0.4133333333333593
12.159999999999922,0.008421052631550458,-0.19111111111112866,-0.19210526315790696,-0.21736842105263565,-0.40666666666669277
12.179999999999922,0.015789473684181897,-0.1866666666666843,-0.1889473684210649,-0.2163157894736883,-0.4000000000000262
12.199999999999921,0.023157894736813338,-0.18222222222223994,-0.18578947368422286,-0.21526315789474096,-0.39333333333335974
12.21999999999992,0.03052631578944478,-0.17736842105265266,-0.18263157894738083,-0.2142105263157936,-0.3866666666666932
12.23999999999992,0.03789473684207622,-0.1721052631579159,-0.17947368421053878,-0.21315789473684624,-0.38000000000002665
12.25999999999992,0.04526315789470766,-0.16684210526317916,-0.17631578947369672,-0.2121052631578989,-0.37157894736845487
12.27999999999992,0.0526315789473391,-0.16157894736844242,-0.17315789473685467,-0.21105263157895154,-0.3631578947368761
12.299999999999919,0.05999999999997054,-0.1563157894737057,-0.17000000000001264,-0.2100000000000042,-0.3547368421052973
12.319999999999919,0.0655999999999775,-0.15105263157896895,-0.16840000000000643,-0.20760000000000964,-0.34631578947371855
12.339999999999918,0.07119999999997738,-0.1457894736842322,-0.16680000000000647,-0.20520000000000968,-0.3378947368421397
12.359999999999918,0.07679999999997726,-0.14052631578949545,-0.1652000000000065,-0.20280000000000975,-0.32947368421056095
12.379999999999917,0.08239999999997714,-0.1352631578947587,-0.16360000000000655,-0.2004000000000098,-0.3210526315789822
12.399999999999917,0.08799999999997701,-0.130000000000022,-0.16200000000000658,-0.19800000000000983,-0.3126315789474034
12.419999999999916,0.0935999999999769,-0.12520000000002016,-0.1604000000000066,-0.1956000000000099,-0.30421052631582457
12.439999999999916,0.09919999999997678,-0.12040000000002024,-0.15880000000000663,-0.19320000000000995,-0.2968000000000268
12.459999999999916,0.10479999999997666,-0.11560000000002035,-0.15720000000000667,-0.19080000000001,-0.29040000000002697
12.479999999999915,0.11039999999997654,-0.11080000000002045,-0.1556000000000067,-0.18840000000001006,-0.2840000000000271
12.499999999999915,0.11599999999997643,-0.10600000000002055,-0.15400000000000674,-0.1860000000000101,-0.2776000000000272
12.519999999999914,0.12159999999997631,-0.10120000000002066,-0.15240000000000675,-0.18360000000001014,-0.27120000000002736
12.539999999999914,0.1271999999999762,-0.09640000000002076,-0.1508000000000068,-0.1812000000000102,-0.2648000000000275
12.559999999999913,0.13384615384612095,-0.09160000000002086,-0.1484615384615516,-0.1792307692307758,-0.2584000000000276
12.579999999999913,0.14153846153842842,-0.08680000000002097,-0.14538461538462863,-0.1776923076923143,-0.25200000000002776
12.599999999999913,0.14923076923073592,-0.08200000000002107,-0.14230769230770562,-0.17615384615385282,-0.2456000000000279
12.619999999999912,0.1569230769230434,-0.07720000000002117,-0.13923076923078265,-0.17461538461539133,-0.23920000000002803
12.639999999999912,0.16461538461535086,-0.07240000000002128,-0.13615384615385964,-0.17307692307692985,-0.23280000000002815
12.659999999999911,0.17230769230765836,-0.06692307692310434,-0.13307692307693667,-0.17153846153846833,-0.2264000000000283
12.679999999999911,0.17999999999996583,-0.06076923076925836,-0.13000000000001366,-0.17000000000000684,-0.22000000000002842
12.69999999999991,0.18799999999996428,-0.05461538461541237,-0.12733333333334523,-0.16866666666667263,-0.210769230769272
12.71999999999991,0.1959999999999641,-0.04846153846156638,-0.12466666666667864,-0.16733333333333933,-0.20153846153850305
12.73999999999991,0.2039999999999639,-0.0423076923077204,-0.12200000000001203,-0.16600000000000603,-0.19230769230773406
12.75999999999991,0.21199999999996372,-0.03615384615387441,-0.11933333333334543,-0.16466666666667273,-0.18307692307696508
12.779999999999909,0.2199999999999635,-0.03000000000002842,-0.11666666666667883,-0.1633333333333394,-0.17384615384619612
12.799999999999908,0.22799999999996334,-0.024666666666691425,-0.11400000000001222,-0.1620000000000061,-0.16461538461542713
12.819999999999908,0.23599999999996313,-0.019333333333358217,-0.11133333333334562,-0.1606666666666728,-0.15600000000003705
12.839999999999907,0.242941176470561,-0.01400000000002501,-0.1082352941176634,-0.1588235294117756,-0.14800000000003724
12.859999999999907,0.24882352941173735,-0.008666666666691802,-0.1047058823529576,-0.15647058823530507,-0.14000000000003743
12.879999999999907,0.2547058823529137,-0.003333333333358595,-0.10117647058825179,-0.15411764705883452,-0.13200000000003762
12.899999999999906,0.26058823529409003,0.0019999999999746124,-0.09764705882354598,-0.151764705882364,-0.1240000000000378
12.919999999999906,0.26647058823526637,0.007333333333307823,-0.09411764705884017,-0.14941176470589346,-0.11600000000003799
12.939999999999905,0.2723529411764427,0.01235294117644797,-0.09058823529413436,-0.1470588235294229,-0.10800000000003819
12.959999999999905,0.27823529411761905,0.017058823529389047,-0.08705882352942855,-0.14470588235295237,-0.10000000000003838
12.979999999999905,0.28411764705879544,0.021764705882330128,-0.08352941176472274,-0.14235294117648184,-0.09176470588239262
12.999999999999904,0.2899999999999718,0.0264705882352712,-0.08000000000001693,-0.1400000000000113,-0.08352941176474574
13.019999999999904,0.2973684210525961,0.031176470588212282,-0.0778947368421154,-0.13789473684211542,-0.07529411764709884
13.039999999999903,0.3047368421052275,0.03588235294115336,-0.0757894736842207,-0.1357894736842207,-0.06705882352945194
13.059999999999903,0.31210526315785897,0.04058823529409444,-0.07368421052632601,-0.133684210526326,-0.05882352941180507
13.079999999999902,0.3194736842104904,0.04529411764703552,-0.0715789473684313,-0.13157894736843131,-0.05058823529415818
13.099999999999902,0.32684210526312185,0.0499999999999766,-0.06947368421053661,-0.12947368421053662,-0.04235294117651129
13.119999999999902,0.33421052631575326,0.05526315789471057,-0.06736842105264192,-0.1273684210526419,-0.0341176470588644
13.139999999999901,0.34157894736838473,0.06052631578944731,-0.06526315789474721,-0.1252631578947472,-0.026315789473720926
13.1599999999999,0.34894736842101615,0.06578947368418406,-0.06315789473685252,-0.12315789473685251,-0.018947368421089485
13.1799999999999,0.3563157894736476,0.0710526315789208,-0.06105263157895782,-0.12105263157895782,-0.011578947368458044
13.1999999999999,0.36363636363632734,0.07631578947365755,-0.05863636363637723,-0.11909090909091816,-0.004210526315826604
13.2199999999999,0.37090909090905444,0.08157894736839429,-0.05590909090910457,-0.11727272727273638,0.0031578947368048407
13.239999999999899,0.37818181818178154,0.08684210526313103,-0.05318181818183191,-0.11545454545455461,0.010526315789436282
13.259999999999899,0.38545454545450863,0.09210526315786777,-0.05045454545455925,-0.11363636363637283,0.017894736842067722
13.279999999999898,0.39272727272723573,0.09736842105260451,-0.047727272727286586,-0.11181818181819106,0.025263157894699163
13.299999999999898,0.39999999999996283,0.10227272727270381,-0.045000000000013925,-0.11000000000000928,0.03263157894733061
13.319999999999897,0.4072727272726899,0.10681818181815825,-0.04227272727274127,-0.10818181818182751,0.03999999999996205
13.339999999999897,0.414545454545417,0.11136363636361268,-0.03954545454546861,-0.10636363636364574,0.047272727272689635
13.359999999999896,0.4218181818181441,0.1159090909090671,-0.03681818181819595,-0.10454545454546396,0.05454545454541673
13.379999999999896,0.4290909090908712,0.12045454545452154,-0.034090909090923285,-0.10272727272728219,0.06181818181814383
13.399999999999896,0.4363636363635983,0.12499999999997598,-0.031363636363650624,-0.10090909090910041,0.06909090909087093
13.419999999999895,0.4437499999999606,0.12954545454543043,-0.028333333333350825,-0.09875000000001312,0.07636363636359803
13.439999999999895,0.4512499999999605,0.13409090909088484,-0.02500000000001754,-0.09625000000001316,0.08363636363632512
13.459999999999894,0.4587499999999604,0.1386363636363393,-0.021666666666684258,-0.0937500000000132,0.09090909090905222
13.479999999999894,0.4662499999999603,0.1431818181817937,-0.018333333333350972,-0.09125000000001324,0.09818181818177932
13.499999999999893,0.4737499999999602,0.14772727272724814,-0.015000000000017687,-0.08875000000001328,0.1054545454545064
13.519999999999893,0.4812499999999601,0.152916666666635,-0.011666666666684401,-0.08625000000001332,0.1127272727272335
13.539999999999893,0.48874999999996,0.15874999999996825,-0.00833333333335112,-0.08375000000001334,0.1199999999999606
13.559999999999892,0.4962499999999599,0.1645833333333015,-0.005000000000017834,-0.08125000000001338,0.12916666666661686
13.579999999999892,0.5037499999999597,0.17041666666663474,-0.0016666666666845485,-0.07875000000001342,0.1383333333332834
13.599999999999891,0.5112499999999597,0.176249999999968,0.0016666666666487334,-0.07625000000001346,0.14749999999994992
13.61999999999989,0.5187499999999595,0.18208333333330123,0.004999999999982019,-0.0737500000000135,0.15666666666661647
13.63999999999989,0.5262499999999595,0.18791666666663448,0.008333333333315304,-0.07125000000001354,0.16583333333328298
13.65999999999989,0.5346153846153345,0.19374999999996775,0.011538461538444827,-0.06884615384616638,0.17499999999994953
13.67999999999989,0.5438461538461035,0.199583333333301,0.014615384615367818,-0.06653846153847415,0.18416666666661607
13.69999999999989,0.5530769230768725,0.20541666666663425,0.017692307692290812,-0.0642307692307819,0.1933333333332826
13.719999999999889,0.5623076923076414,0.2112499999999675,0.020769230769213803,-0.061923076923089654,0.2024999999999491
13.739999999999888,0.5715384615384104,0.21708333333330074,0.023846153846136794,-0.05961538461539741,0.21166666666661565
13.759999999999888,0.5807692307691794,0.22307692307688856,0.026923076923059792,-0.05730769230770516,0.2208333333332822
13.779999999999887,0.5899999999999483,0.22923076923073454,0.029999999999982783,-0.055000000000012914,0.22999999999994872
13.799999999999887,0.5992307692307174,0.23538461538458053,0.033076923076905775,-0.05269230769232067,0.23923076923071734
13.819999999999887,0.6084615384614863,0.2415384615384265,0.036153846153828766,-0.05038461538462843,0.2484615384614863
13.839999999999886,0.6176923076922554,0.2476923076922725,0.03923076923075176,-0.04807692307693618,0.25769230769225526
13.859999999999886,0.6269230769230243,0.25384615384611847,0.042307692307674755,-0.04576923076924394,0.26692307692302425
13.879999999999885,0.6361538461537932,0.2599999999999645,0.045384615384597746,-0.043461538461551694,0.27615384615379324
13.899999999999885,0.6453846153845623,0.26615384615381044,0.04846153846152074,-0.04115384615385945,0.2853846153845622
13.919999999999884,0.6554838709676786,0.27230769230765645,0.05161290322578781,-0.03903225806452732,0.2946153846153312
13.939999999999884,0.6664516129031622,0.27846153846150246,0.05483870967740065,-0.03709677419355961,0.30384615384610014
13.959999999999884,0.6774193548386459,0.2846153846153484,0.0580645161290135,-0.0351612903225919,0.31307692307686913
13.979999999999883,0.6883870967741296,0.29076923076919436,0.06129032258062635,-0.03322580645162419,0.3223076923076381
13.999999999999883,0.6993548387096132,0.2969230769230404,0.06451612903223919,-0.031290322580656484,0.3315384615384071
14.019999999999882,0.7103225806450969,0.30322580645157443,0.06774193548385204,-0.029354838709688778,0.3407692307691761
14.039999999999882,0.7212903225805806,0.30967741935480014,0.07096774193546489,-0.027419354838721068,0.349999999999945
14.059999999999881,0.7322580645160643,0.31612903225802585,0.07419354838707773,-0.02548387096775336,0.3596774193547809
14.079999999999881,0.743225806451548,0.3225806451612515,0.07741935483869058,-0.02354838709678565,0.3693548387096195
14.09999999999988,0.7541935483870317,0.3290322580644772,0.08064516129030344,-0.021612903225817943,0.379032258064458
14.11999999999988,0.7651612903225153,0.33548387096770294,0.08387096774191628,-0.019677419354850234,0.3887096774192966
14.13999999999988,0.776129032257999,0.34193548387092865,0.08709677419352913,-0.017741935483882525,0.3983870967741351
14.15999999999988,0.7870967741934827,0.34838709677415436,0.09032258064514198,-0.015806451612914815,0.40806451612897365
14.179999999999879,0.7980645161289663,0.35483870967738,0.09354838709675482,-0.01387096774194711,0.4177419354838122
14.199999999999878,0.80903225806445,0.3612903225806057,0.09677419354836767,-0.0119354838709794,0.42741935483865073
14.219999999999878,0.8199999999999337,0.36774193548383144,0.09999999999998052,-0.01000000000001169,0.4370967741934893
14.239999999999878,0.8354285714284779,0.3741935483870571,0.10399999999997576,-0.007142857142874457,0.4467741935483278
14.259999999999877,0.850857142857049,0.3806451612902828,0.10799999999997568,-0.0042857142857316574,0.4564516129031664
14.279999999999877,0.8662857142856202,0.3870967741935085,0.1119999999999756,-0.0014285714285888589,0.46612903225800495
14.299999999999876,0.8817142857141913,0.39354838709673423,0.11599999999997553,0.0014285714285539406,0.47580645161284346
14.319999999999876,0.8971428571427624,0.39999999999995994,0.11999999999997545,0.00428571428569674,0.48548387096768203
14.339999999999876,0.9125714285713336,0.40857142857137513,0.12399999999997537,0.0071428571428395395,0.49516129032252054
14.359999999999875,0.9279999999999047,0.4171428571428035,0.12799999999997527,0.00999999999998234,0.506285714285636
14.379999999999875,0.9434285714284758,0.4257142857142319,0.1319999999999752,0.012857142857125138,0.5188571428570643
14.399999999999874,0.9588571428570469,0.4342857142856603,0.1359999999999751,0.015714285714267938,0.5314285714284926
14.419999999999874,0.974285714285618,0.4428571428570887,0.13999999999997503,0.01857142857141074,0.543999999999921
14.439999999999873,0.9897142857141892,0.4514285714285171,0.14399999999997495,0.021428571428553533,0.5565714285713493
14.459999999999873,1.0051428571427603,0.4599999999999455,0.14799999999997487,0.024285714285696335,0.5691428571427776
14.479999999999873,1.0205714285713314,0.4685714285713739,0.1519999999999748,0.027142857142839136,0.5817142857142059
14.499999999999872,1.0359999999999026,0.4771428571428023,0.15599999999997471,0.029999999999981937,0.5942857142856343
